time (us),x (mdps),y (mdps),z(mdps)
1759265562718228,1155,-1365,-743.75,
1759265562727985,1461.25,-1820,-1233.75,
1759265562738171,2082.5,-3228.75,-1365,
1759265562748140,2423.75,-3517.5,-743.75,
1759265562758139,2651.25,-2773.75,-1391.25,
1759265562768123,1496.25,-2992.5,-1557.5,
1759265562778158,813.75,-3535,-962.5,
1759265562788166,253.75,-2336.25,682.5,
1759265562798090,8.75,-1881.25,997.5,
1759265562808073,-533.75,-621.25,367.5,
1759265562818087,-1400,306.25,787.5,
1759265562828084,-2441.25,612.5,1076.25,
1759265562838083,-2502.5,971.25,700,
1759265562848125,-2082.5,953.75,122.5,
1759265562858115,-210,1400,192.5,
1759265562868020,-8.75,332.5,227.5,
1759265562878111,1251.25,-770,-78.75,
1759265562888110,2222.5,-892.5,-1470,
1759265562899636,2371.25,-2721.25,-1898.75,
1759265562909720,2878.75,-2773.75,-1933.75,
1759265562919974,2686.25,-3438.75,-1671.25,
1759265562929599,3255,-3080,-1347.5,
1759265562939596,1767.5,-3255,-1233.75,
1759265562949659,218.75,-2861.25,96.25,
1759265562959622,-910,-2196.25,385,
1759265562969554,-2388.75,-2030,1251.25,
1759265562979586,-2318.75,-455,1225,
1759265562989777,-2555,-1251.25,2248.75,
1759265562999667,-2275,656.25,1977.5,
1759265563009704,-1925,105,1391.25,
1759265563019723,-1076.25,490,1356.25,
1759265563029661,1041.25,-551.25,-971.25,
1759265563039766,1286.25,-1601.25,-813.75,
1759265563049656,2572.5,-761.25,-2441.25,
1759265563059654,2861.25,-1225,-2310,
1759265563069768,2843.75,-630,-2922.5,
1759265563079756,3500,-1093.75,-2852.5,
1759265563089686,1750,-2668.75,-1120,
1759265563099683,2336.25,-1093.75,-1330,
1759265563109681,2047.5,-787.5,603.75,
1759265563120065,883.75,420,1172.5,
1759265563129677,-1583.75,17.5,1863.75,
1759265563139677,-2677.5,-1487.5,2397.5,
1759265563149633,-3272.5,-2581.25,1925,
1759265563159669,-4908.75,-1452.5,2380,
1759265563169840,-2940,-3001.25,1058.75,
1759265563179698,-1592.5,-2598.75,568.75,
1759265563189822,-1636.25,-3500,-1426.25,
1759265563199728,-2178.75,-3211.25,-1968.75,
1759265563209725,-700,-3456.25,-1137.5,
1759265563219803,1662.5,-2808.75,-1417.5,
1759265563229655,3185,-2003.75,-1155,
1759265563239718,2922.5,26.25,-2178.75,
1759265563249715,621.25,-1373.75,490,
1759265563259644,735,-735,1505,
1759265563269714,1400,1636.25,-341.25,
1759265563279605,2581.25,3937.5,-551.25,
1759265563289706,586.25,1732.5,778.75,
1759265563299704,-35,2537.5,1916.25,
1759265563309702,892.5,2625,-1706.25,
1759265563319705,-26.25,2721.25,-1487.5,
1759265563329697,105,2450,-621.25,
1759265563339699,551.25,1723.75,1260,
1759265563349692,-1277.5,1198.75,-1540,
1759265563359787,-428.75,-787.5,-2108.75,
1759265563369783,-262.5,-1522.5,1111.25,
1759265563379685,70,-297.5,-446.25,
1759265563389655,-332.5,-2152.5,-192.5,
1759265563399682,402.5,-2380,-1365,
1759265563409680,-166.25,-997.5,43.75,
1759265563419741,-1023.75,-2450,0,
1759265563429724,-1347.5,-892.5,-1058.75,
1759265563439672,-1408.75,-306.25,962.5,
1759265563449699,52.5,936.25,901.25,
1759265563459692,-551.25,621.25,376.25,
1759265563469715,26.25,393.75,-140,
1759265563479662,-236.25,1032.5,1023.75,
1759265563489659,743.75,2038.75,481.25,
1759265563499657,2240,1863.75,-840,
1759265563509685,2301.25,2030,-1732.5,
1759265563519657,2966.25,1557.5,-866.25,
1759265563529746,1916.25,822.5,-708.75,
1759265563539745,1583.75,1120,-2283.75,
1759265563549645,2371.25,665,-1312.5,
1759265563559643,1863.75,96.25,-638.75,
1759265563569827,2012.5,-490,-980,
1759265563579735,315,-1321.25,-726.25,
1759265563589751,-638.75,-735,-393.75,
1759265563599659,-1426.25,-1400,1557.5,
1759265563609681,-1802.5,-2231.25,1583.75,
1759265563619666,-1155,-1505,1155,
1759265563629716,-735,-2651.25,2047.5,
1759265563639878,-420,-2187.5,1662.5,
1759265563649765,-568.75,-1802.5,726.25,
1759265563659736,586.25,-1426.25,-376.25,
1759265563669998,1093.75,-1251.25,-1435,
1759265563679714,2563.75,-910,-1417.5,
1759265563689788,2843.75,-175,-2493.75,
1759265563699661,2520,-236.25,-1277.5,
1759265563709659,2450,752.5,-936.25,
1759265563719724,2318.75,420,-210,
1759265563729653,1986.25,271.25,113.75,
1759265563739601,2100,568.75,210,
1759265563749695,1242.5,323.75,875,
1759265563759739,1277.5,647.5,-96.25,
1759265563769696,262.5,-980,-428.75,
1759265563779688,980,-1793.75,96.25,
1759265563789703,551.25,-1855,43.75,
1759265563799732,393.75,-3018.75,-472.5,
1759265563809754,673.75,-2983.75,-691.25,
1759265563819704,43.75,-3071.25,96.25,
1759265563829687,350,-4086.25,-376.25,
1759265563840102,-131.25,-3955,-376.25,
1759265563849664,-446.25,-3237.5,-507.5,
1759265563859700,-218.75,-2633.75,262.5,
1759265563869807,-708.75,-1155,568.75,
1759265563879594,-525,-743.75,148.75,
1759265563889873,-463.75,-822.5,988.75,
1759265563899835,236.25,26.25,253.75,
1759265563909807,770,350,17.5,
1759265563919834,70,1120,-787.5,
1759265563929769,621.25,962.5,-980,
1759265563939823,1496.25,-498.75,-595,
1759265563949820,1942.5,-455,-1960,
1759265563959818,1933.75,-1645,-1373.75,
1759265563969986,1758.75,-2091.25,-516.25,
1759265563980066,1898.75,-1697.5,-726.25,
1759265563989851,1356.25,-2738.75,-1015,
1759265563999809,52.5,-2747.5,-1268.75,
1759265564009846,-665,-3255,-288.75,
1759265564019835,-1137.5,-2520,-236.25,
1759265564029801,-2782.5,-1067.5,-752.5,
1759265564039910,-3167.5,-1400,113.75,
1759265564049797,-3902.5,-936.25,1610,
1759265564059833,-4077.5,-1015,1321.25,
1759265564069857,-3412.5,-1050,883.75,
1759265564079829,-2756.25,-385,980,
1759265564089826,-1338.75,-26.25,1163.75,
1759265564099824,-612.5,-472.5,-227.5,
1759265564109821,385,-962.5,-1566.25,
1759265564119823,1557.5,-1216.25,-1802.5,
1759265564129906,1968.75,-857.5,-2423.75,
1759265564139815,2301.25,-717.5,-3018.75,
1759265564149812,2266.25,-875,-2695,
1759265564159810,1566.25,-280,-1802.5,
1759265564169812,385,-323.75,-1347.5,
1759265564179805,-358.75,-192.5,-796.25,
1759265564189803,-1855,358.75,411.25,
1759265564199926,-2318.75,122.5,1461.25,
1759265564209798,-2756.25,52.5,1277.5,
1759265564219854,-3377.5,-17.5,1032.5,
1759265564229793,-3561.25,-656.25,1172.5,
1759265564239889,-3228.75,-1251.25,1041.25,
1759265564249788,-2677.5,-1233.75,78.75,
1759265564259857,-1426.25,-1575,-953.75,
1759265564269814,-953.75,-2616.25,-918.75,
1759265564279723,481.25,-2056.25,-997.5,
1759265564289780,621.25,-2100,-1986.25,
1759265564299801,796.25,-2170,-1785,
1759265564309903,1295,-1435,-1023.75,
1759265564319866,1487.5,-1198.75,-297.5,
1759265564329842,1811.25,-376.25,-700,
1759265564340088,638.75,262.5,-288.75,
1759265564349836,638.75,1338.75,525,
1759265564359788,87.5,1636.25,131.25,
1759265564369847,218.75,1067.5,43.75,
1759265564379829,315,1076.25,-350,
1759265564389842,586.25,1172.5,315,
1759265564399839,577.5,113.75,-411.25,
1759265564409822,638.75,-481.25,-735,
1759265564420020,875,-1067.5,-673.75,
1759265564429848,1137.5,-2178.75,-752.5,
1759265564439815,1111.25,-2310,-210,
1759265564450005,1338.75,-2485,-297.5,
1759265564459810,787.5,-2310,26.25,
1759265564469824,428.75,-1995,-437.5,
1759265564480010,-8.75,-2073.75,-157.5,
1759265564489860,35,-787.5,-70,
1759265564499855,-306.25,-1032.5,647.5,
1759265564509852,-717.5,-393.75,568.75,
1759265564519815,78.75,507.5,787.5,
1759265564529794,-26.25,43.75,1540,
1759265564539888,481.25,-17.5,1015,
1759265564554526,2257.5,-437.5,402.5,
1759265564564083,3027.5,-166.25,-726.25,
1759265564574079,3605,-96.25,-708.75,
1759265564583965,4270,-595,-1478.75,
1759265564593996,3736.25,-1207.5,-1995,
1759265564604049,3683.75,-1181.25,-2135,
1759265564614070,3421.25,-1443.75,-1128.75,
1759265564623976,2432.5,-358.75,-761.25,
1759265564634074,1872.5,-656.25,-490,
1759265564644063,315,-735,586.25,
1759265564654143,-621.25,-131.25,988.75,
1759265564663958,-892.5,-455,1951.25,
1759265564674025,-1225,-183.75,1443.75,
1759265564684227,-1338.75,-105,1618.75,
1759265564693976,-770,-376.25,1601.25,
1759265564704002,-472.5,-621.25,385,
1759265564714083,-43.75,-1225,-227.5,
1759265564724014,1268.75,-1190,-892.5,
1759265564733963,1968.75,-1268.75,-1356.25,
1759265564743925,2966.25,-1085,-1811.25,
1759265564754092,2966.25,-883.75,-1391.25,
1759265564763957,2878.75,-656.25,-1443.75,
1759265564774020,2222.5,-61.25,-1076.25,
1759265564784039,1890,350,-568.75,
1759265564793997,1207.5,918.75,175,
1759265564804050,481.25,796.25,700,
1759265564813929,8.75,1356.25,507.5,
1759265564824019,-612.5,1347.5,875,
1759265564834091,-1216.25,857.5,533.75,
1759265564844154,-1032.5,507.5,358.75,
1759265564854105,-630,61.25,-61.25,
1759265564863898,-323.75,-621.25,-61.25,
1759265564873960,332.5,-1067.5,-35,
1759265564884159,245,-1478.75,-393.75,
1759265564893973,341.25,-1478.75,-612.5,
1759265564904082,1155,-1846.25,-1172.5,
1759265564913994,1120,-1452.5,-831.25,
1759265564924261,708.75,-1172.5,-752.5,
1759265564933969,525,-507.5,-1076.25,
1759265564944088,-481.25,-262.5,-1050,
1759265564954140,-813.75,595,-253.75,
1759265564963957,-1592.5,656.25,-350,
1759265564973955,-1951.25,1032.5,288.75,
1759265564984087,-1365,1706.25,498.75,
1759265564993953,-1006.25,1461.25,822.5,
1759265565003999,-1198.75,1093.75,463.75,
1759265565013945,-533.75,892.5,-122.5,
1759265565024056,-166.25,-131.25,-560,
1759265565034045,26.25,-936.25,-1050,
1759265565044103,420,-1548.75,-1076.25,
1759265565053804,1408.75,-1785,-1435,
1759265565064060,761.25,-1872.5,-1592.5,
1759265565074192,840,-2073.75,-1750,
1759265565083993,-192.5,-1715,-1540,
1759265565094091,-1076.25,-1680,-805,
1759265565104055,-1172.5,-1050,78.75,
1759265565113991,-1566.25,-525,778.75,
1759265565123964,-2178.75,-332.5,1198.75,
1759265565134210,-2371.25,-96.25,1128.75,
1759265565144012,-2047.5,376.25,647.5,
1759265565154068,-1898.75,52.5,393.75,
1759265565163974,-1006.25,-498.75,78.75,
1759265565173908,-96.25,-280,-577.5,
1759265565184016,708.75,-726.25,-1128.75,
1759265565194028,1400,-901.25,-1758.75,
1759265565204183,1706.25,-1435,-2117.5,
1759265565214026,1085,-1715,-2423.75,
1759265565223980,1470,-2021.25,-1723.75,
1759265565233997,892.5,-1872.5,-901.25,
1759265565244023,796.25,-1610,-350,
1759265565253985,-385,-1741.25,332.5,
1759265565263969,-1435,-1636.25,796.25,
1759265565273988,-1645,-1592.5,673.75,
1759265565283985,-1872.5,-1653.75,770,
1759265565294005,-1828.75,-1067.5,726.25,
1759265565304011,-2012.5,-1312.5,630,
1759265565314000,-1225,-1688.75,376.25,
1759265565323976,-796.25,-1767.5,-236.25,
1759265565333995,-52.5,-2248.75,-472.5,
1759265565343993,875,-2196.25,-568.75,
1759265565354236,1636.25,-2240,-1102.5,
1759265565363988,2397.5,-2441.25,-910,
1759265565373964,2695,-2152.5,-1032.5,
1759265565383978,2511.25,-2047.5,-1242.5,
1759265565393981,1925,-1890,-997.5,
1759265565403964,1347.5,-1277.5,-962.5,
1759265565413955,1225,-1172.5,-26.25,
1759265565423974,778.75,-752.5,17.5,
1759265565434011,218.75,-463.75,-26.25,
1759265565444009,-507.5,-665,743.75,
1759265565454089,-673.75,-945,708.75,
1759265565463965,-787.5,-1067.5,778.75,
1759265565474002,-271.25,-1601.25,621.25,
1759265565483999,-175,-1741.25,586.25,
1759265565493997,420,-1916.25,656.25,
1759265565503986,490,-2555,-472.5,
1759265565513992,1023.75,-2861.25,-778.75,
1759265565523990,1356.25,-2581.25,-1085,
1759265565533987,1155,-2196.25,-945,
1759265565544028,1050,-1968.75,-1067.5,
1759265565553945,1443.75,-1225,-822.5,
1759265565563981,726.25,-1076.25,-805,
1759265565574186,-43.75,-577.5,-201.25,
1759265565583937,350,-35,-17.5,
1759265565593973,-43.75,516.25,253.75,
1759265565604110,-148.75,918.75,586.25,
1759265565613968,-656.25,927.5,428.75,
1759265565623966,-175,647.5,-236.25,
1759265565634050,52.5,603.75,-516.25,
1759265565643961,-192.5,-131.25,-927.5,
1759265565653963,796.25,166.25,-1041.25,
1759265565663957,490,122.5,-1312.5,
1759265565673995,-52.5,-647.5,-1513.75,
1759265565684013,0,-1041.25,-927.5,
1759265565693950,35,-1128.75,-717.5,
1759265565704047,201.25,-1855,192.5,
1759265565714072,332.5,-280,560,
1759265565723943,437.5,-892.5,-280,
1759265565733941,-848.75,-980,-586.25,
1759265565743938,-3106.25,1347.5,-490,
1759265565753953,-936.25,323.75,1767.5,
1759265565763934,402.5,-218.75,-271.25,
1759265565773962,1540,2240,-1513.75,
1759265565783929,-236.25,1172.5,1050,
1759265565794121,-831.25,1452.5,1968.75,
1759265565803948,682.5,1540,-1461.25,
1759265565814047,2397.5,1443.75,-2712.5,
1759265565824005,1855,26.25,-1251.25,
1759265565834003,848.75,1338.75,1688.75,
1759265565844040,918.75,-280,-1513.75,
1759265565853723,2318.75,1811.25,-2782.5,
1759265565863996,1575,376.25,-1898.75,
1759265565873993,-2257.5,-1470,-306.25,
1759265565884022,-2791.25,-2940,43.75,
1759265565894020,621.25,1373.75,-385,
1759265565904222,612.5,2380,1426.25,
1759265565913984,-2012.5,-87.5,227.5,
1759265565923933,-2642.5,3272.5,3473.75,
1759265565933979,-2021.25,-4952.5,2353.75,
1759265565944008,-4891.25,-2992.5,-1750,
1759265565954087,997.5,1925,1566.25,
1759265565963923,4348.75,-2318.75,1960,
1759265565974008,1146.25,-525,-175,
1759265565984008,3202.5,-796.25,-3911.25,
1759265565994006,4051.25,-5276.25,-3473.75,
1759265566004027,3692.5,-1050,-2380,
1759265566014031,6405,805,-455,
1759265566023998,5556.25,1137.5,-1645,
1759265566034063,1601.25,-630,-1986.25,
1759265566044060,1006.25,-980,1855,
1759265566054062,-2143.75,2808.75,700,
1759265566064055,-988.75,2126.25,2056.25,
1759265566074054,1093.75,647.5,2275,
1759265566083944,-140,1828.75,3132.5,
1759265566094048,-1452.5,26.25,752.5,
1759265566104029,-1023.75,-2677.5,1006.25,
1759265566114045,-35,-2065,393.75,
1759265566124133,2301.25,-2528.75,-1793.75,
1759265566134101,1951.25,-3360,-1032.5,
1759265566144295,2371.25,-5206.25,-2441.25,
1759265566154133,2756.25,-2966.25,-700,
1759265566163965,3876.25,-2117.5,-1758.75,
1759265566173962,1697.5,-4567.5,-1373.75,
1759265566183960,743.75,-1785,-43.75,
1759265566193957,1706.25,8.75,612.5,
1759265566204025,-665,516.25,700,
1759265566214046,280,1881.25,105,
1759265566224020,-148.75,1802.5,2686.25,
1759265566234018,-2021.25,1750,411.25,
1759265566244015,-288.75,717.5,323.75,
1759265566254045,1181.25,516.25,-201.25,
1759265566264011,708.75,472.5,-603.75,
1759265566274008,2511.25,-1085,87.5,
1759265566284100,2170,-1942.5,-1758.75,
1759265566293921,1566.25,-2170,-2450,
1759265566304004,1960,-3605,-2143.75,
1759265566314047,971.25,-3526.25,-288.75,
1759265566324094,166.25,-3141.25,-1163.75,
1759265566333993,262.5,-2441.25,-122.5,
1759265566344016,-1207.5,-2388.75,411.25,
1759265566353988,-3491.25,-1338.75,516.25,
1759265566363986,-2948.75,-1496.25,1181.25,
1759265566373984,-3465,-332.5,1347.5,
1759265566383982,-3578.75,988.75,1478.75,
1759265566393979,-1925,-113.75,1260,
1759265566403976,-1566.25,393.75,577.5,
1759265566414004,-1111.25,-323.75,-630,
1759265566423974,1715,-358.75,-866.25,
1759265566433969,1758.75,297.5,-2441.25,
1759265566443966,2152.5,-927.5,-2975,
1759265566454014,3526.25,-770,-2196.25,
1759265566464058,2108.75,-516.25,-2966.25,
1759265566474056,1470,-866.25,-2607.5,
1759265566483957,988.75,-1216.25,-1461.25,
1759265566494051,-1295,-533.75,-288.75,
1759265566504003,-1382.5,-735,673.75,
1759265566514048,-2318.75,-1032.5,770,
1759265566523948,-4410,-455,1041.25,
1759265566533971,-4453.75,-1382.5,2021.25,
1759265566544033,-3806.25,-1155,2091.25,
1759265566554037,-4392.5,-1522.5,498.75,
1759265566564035,-2808.75,-1443.75,393.75,
1759265566574184,-1968.75,-1968.75,-385,
1759265566583934,-1671.25,-1986.25,-1207.5,
1759265566593931,96.25,-1758.75,-1776.25,
1759265566603763,962.5,-1662.5,-1680,
1759265566613977,726.25,-1312.5,-1898.75,
1759265566623975,2161.25,-743.75,-2003.75,
1759265566633973,2248.75,43.75,-1286.25,
1759265566644063,953.75,96.25,-1312.5,
1759265566654014,980,726.25,-621.25,
1759265566663940,595,586.25,-262.5,
1759265566674010,-787.5,1032.5,-201.25,
1759265566684012,-402.5,752.5,568.75,
1759265566694051,-1032.5,376.25,297.5,
1759265566704002,-2003.75,227.5,280,
1759265566714133,-1365,-1207.5,420,
1759265566723997,-1627.5,-1680,358.75,
1759265566733999,-1417.5,-2117.5,-192.5,
1759265566743992,-26.25,-2756.25,8.75,
1759265566753994,-463.75,-3228.75,96.25,
1759265566763993,131.25,-2808.75,-306.25,
1759265566773990,700,-3473.75,-87.5,
1759265566783982,218.75,-2712.5,-831.25,
1759265566794028,175,-2213.75,-26.25,
1759265566803978,1330,-1452.5,61.25,
1759265566814023,262.5,-157.5,-105,
1759265566823993,936.25,323.75,-96.25,
1759265566833972,1356.25,717.5,262.5,
1759265566844016,787.5,1041.25,280,
1759265566854060,1645,717.5,-262.5,
1759265566864083,2231.25,1032.5,253.75,
1759265566874038,1557.5,892.5,-638.75,
1759265566883961,2143.75,0,-411.25,
1759265566894005,2493.75,-437.5,-1242.5,
1759265566904002,1933.75,-997.5,-1067.5,
1759265566914000,1960,-1662.5,-778.75,
1759265566923997,2038.75,-1688.75,-498.75,
1759265566933996,1023.75,-1811.25,-525,
1759265566944025,665,-2380,227.5,
1759265566954104,551.25,-2082.5,927.5,
1759265566964264,-778.75,-2397.5,656.25,
1759265566974123,-778.75,-1986.25,1531.25,
1759265566984035,-385,-1618.75,1470,
1759265566993981,-647.5,-1268.75,1198.75,
1759265567003980,253.75,-778.75,717.5,
1759265567014133,691.25,-953.75,0,
1759265567024039,918.75,-218.75,-87.5,
1759265567034113,2415,262.5,-927.5,
1759265567044053,2826.25,358.75,-1120,
1759265567054078,2843.75,945,-1925,
1759265567063965,3517.5,953.75,-1260,
1759265567074155,3325,770,-1242.5,
1759265567084074,2546.25,813.75,-1102.5,
1759265567094277,2852.5,122.5,-271.25,
1759265567104165,2143.75,446.25,-376.25,
1759265567113916,1146.25,315,315,
1759265567124118,1102.5,-113.75,297.5,
1759265567134076,-595,-218.75,726.25,
1759265567144071,-1172.5,-665,428.75,
1759265567153944,-656.25,-1496.25,962.5,
1759265567164012,-1242.5,-927.5,341.25,
1759265567174050,-883.75,-1391.25,192.5,
1759265567184062,-752.5,-1303.75,166.25,
1759265567194005,-796.25,-1365,-411.25,
1759265567203932,-568.75,-1242.5,411.25,
1759265567214121,831.25,-1128.75,-105,
1759265567224053,603.75,-148.75,-122.5,
1759265567233998,1067.5,315,-437.5,
1759265567244087,1540,875,-656.25,
1759265567253990,1032.5,1172.5,-1137.5,
1759265567263988,971.25,1382.5,-1067.5,
1759265567274007,1321.25,1951.25,-962.5,
1759265567284037,945,2012.5,-1277.5,
1759265567294019,761.25,1881.25,-437.5,
1759265567304018,542.5,1382.5,-665,
1759265567313745,262.5,892.5,-525,
1759265567324029,-35,70,-533.75,
1759265567333926,-665,-122.5,-78.75,
1759265567344063,-901.25,-997.5,96.25,
1759265567353921,-586.25,-953.75,105,
1759265567363965,-1076.25,-1435,630,
1759265567374016,-1662.5,-1767.5,-157.5,
1759265567383990,-1566.25,-1933.75,-332.5,
1759265567394051,-1426.25,-1793.75,-87.5,
1759265567404010,-1426.25,-1085,-43.75,
1759265567413952,-402.5,-840,-105,
1759265567424006,-875,-551.25,-192.5,
1759265567433947,-936.25,43.75,-183.75,
1759265567444038,-280,-8.75,-227.5,
1759265567453998,52.5,490,-463.75,
1759265567463947,507.5,988.75,-621.25,
1759265567474058,1312.5,988.75,-726.25,
1759265567483991,1085,726.25,-1120,
1759265567494034,717.5,1058.75,-1163.75,
1759265567504027,1242.5,420,-971.25,
1759265567514025,918.75,131.25,-1172.5,
1759265567524148,323.75,-621.25,-726.25,
1759265567534019,577.5,-1032.5,-761.25,
1759265567544026,-402.5,-1365,-245,
1759265567554159,-621.25,-1890,-402.5,
1759265567563972,-936.25,-2572.5,236.25,
1759265567574017,-1680,-2257.5,306.25,
1759265567583778,-1653.75,-2467.5,883.75,
1759265567593965,-1592.5,-2485,446.25,
1759265567604027,-1391.25,-2240,586.25,
1759265567613961,-1006.25,-2187.5,533.75,
1759265567624027,-1032.5,-2205,-113.75,
1759265567633995,-1076.25,-1671.25,-332.5,
1759265567643763,323.75,-1435,-542.5,
1759265567653951,1023.75,-1155,-778.75,
1759265567663988,1872.5,-726.25,-892.5,
1759265567673986,2283.75,-805,-1190,
1759265567683984,2021.25,-805,-1155,
1759265567693981,1741.25,-638.75,-1365,
1759265567703979,1697.5,-446.25,-1102.5,
1759265567713976,1373.75,-1155,-945,
1759265567724016,1032.5,-875,-350,
1759265567733786,253.75,-1225,-306.25,
1759265567743970,-78.75,-1583.75,-245,
1759265567753968,-945,-2047.5,35,
1759265567763966,-761.25,-1916.25,560,
1759265567773923,-568.75,-2318.75,761.25,
1759265567783958,-918.75,-3088.75,411.25,
1759265567793957,-560,-3491.25,516.25,
1759265567804119,-577.5,-3290,568.75,
1759265567813951,-673.75,-3001.25,-341.25,
1759265567824020,341.25,-3395,-280,
1759265567833947,463.75,-2546.25,-656.25,
1759265567844069,857.5,-2047.5,-822.5,
1759265567853972,1382.5,-1496.25,-446.25,
1759265567863941,883.75,-848.75,-1128.75,
1759265567874106,1321.25,-306.25,-717.5,
1759265567883934,936.25,-323.75,-743.75,
1759265567894208,1408.75,402.5,-840,
1759265567903931,1382.5,280,-122.5,
1759265567914055,1058.75,70,-323.75,
1759265567924268,883.75,-96.25,-402.5,
1759265567933924,761.25,-236.25,-533.75,
1759265567943996,813.75,-1190,-560,
1759265567953989,236.25,-1601.25,-315,
1759265567963987,533.75,-1925,-411.25,
1759265567974027,306.25,-2362.5,-446.25,
1759265567983982,-533.75,-2415,-332.5,
1759265567994036,-323.75,-2537.5,-175,
1759265568003977,-752.5,-2318.75,-96.25,
1759265568013975,-971.25,-2065,350,
1759265568024304,-892.5,-1365,682.5,
1759265568033970,-988.75,-1155,568.75,
1759265568043971,-1426.25,-183.75,385,
1759265568053920,-463.75,-157.5,253.75,
1759265568063917,-192.5,402.5,175,
1759265568074056,-280,630,-332.5,
1759265568083975,796.25,1225,-542.5,
1759265568094048,1146.25,1408.75,-1120,
1759265568103953,1487.5,1015,-1330,
1759265568114008,1443.75,1050,-1531.25,
1759265568124046,1461.25,665,-1680,
1759265568134003,1470,726.25,-1242.5,
1759265568143965,1111.25,560,-621.25,
1759265568153984,805,315,-621.25,
1759265568163907,210,105,-131.25,
1759265568174034,-385,-26.25,183.75,
1759265568183991,-1365,-1260,630,
1759265568194057,-7358.75,-131.25,88191.2,
1759265568203948,-2345,65397.5,286685,
1759265568213984,-10832.5,37441.2,286685,
1759265568224146,-32042.5,25733.8,222968,
1759265568234055,-33635,9572.5,19696.2,
1759265568244009,-3543.75,36347.5,-135818,
1759265568254012,44117.5,50907.5,-177721,
1759265568263933,25926.2,-23135,-149266,
1759265568274010,32068.8,-9765,-155155,
1759265568283967,39943.8,-67935,-156398,
1759265568294029,7673.75,-98848.8,-40215,
1759265568303869,20825,-88060,28210,
1759265568314013,40801.2,-54853.8,55308.8,
1759265568324014,-6903.75,-76588.8,-25865,
1759265568334022,-49201.2,-70638.8,-80097.5,
1759265568344054,-66045,-110040,-57295,
1759265568353990,-80526.2,-89110,-34632.5,
1759265568363989,-72756.2,-88987.5,-15391.2,
1759265568374039,-58485,-76160,-17788.8,
1759265568383986,-69842.5,-32112.5,20107.5,
1759265568393942,-63656.2,-18532.5,75958.8,
1759265568404000,-77883.8,-1758.75,109410,
1759265568413976,-50732.5,-4865,68215,
1759265568424185,-1207.5,8688.75,3430,
1759265568433932,32296.2,6396.25,-41868.8,
1759265568443969,-14271.2,30695,-172699,
1759265568453970,-35201.2,26661.2,-186200,
1759265568463989,8295,22146.2,-87850,
1759265568473965,26442.5,4095,48825,
1759265568484070,29680,-46016.2,143168,
1759265568493959,-12512.5,-52150,158690,
1759265568504027,-19985,-37747.5,82048.8,
1759265568514027,11488.8,-15277.5,-26267.5,
1759265568523975,59456.2,17771.2,-75512.5,
1759265568534020,91183.8,18156.2,-71190,
1759265568544189,79021.2,13956.2,-21008.8,
1759265568553969,60830,21227.5,23555,
1759265568563967,61932.5,26950,69816.2,
1759265568574111,65030,68381.2,33223.8,
1759265568583983,87403.8,59876.2,7813.75,
1759265568593959,86791.2,61836.2,-9861.25,
1759265568603931,59430,72406.2,-30117.5,
1759265568613929,50198.8,48151.2,31185,
1759265568624080,92785,62991.2,85522.5,
1759265568633950,47285,32182.5,36758.8,
1759265568644047,43181.2,-3351.25,-38185,
1759265568653948,37205,30485,-77691.2,
1759265568663989,19635,33643.8,-21630,
1759265568674043,-6317.5,40678.8,-16248.8,
1759265568684130,-75862.5,12573.8,-12188.8,
1759265568694021,-94587.5,-4427.5,-31421.2,
1759265568704019,-136439,23896.2,-61670,
1759265568714028,-108859,15321.2,-78846.2,
1759265568724155,-131136,-1653.75,-123795,
1759265568734026,-142888,-18191.2,-89556.2,
1759265568744027,-159171,-35630,-110731,
1759265568754007,-143876,-12293.8,-96442.5,
1759265568764019,-106671,-50356.2,-65870,
1759265568773983,-92085,-22443.8,-8487.5,
1759265568784002,-68880,-45298.8,1487.5,
1759265568793959,-53025,-49078.8,58721.2,
1759265568803742,-26451.2,-55536.2,134452,
1759265568813954,10535,-93686.2,219328,
1759265568824302,28735,-82118.8,252245,
1759265568834152,52998.8,-90151.2,166416,
1759265568844047,77026.2,-116532,47766.2,
1759265568854096,87482.5,-95987.5,-37502.5,
1759265568864084,110329,-108955,-56411.2,
1759265568874123,123952,-103460,-80307.5,
1759265568884037,154122,-69177.5,-71653.8,
1759265568894104,161149,31473.8,-80123.8,
1759265568904115,137725,49533.8,-74891.2,
1759265568914031,55597.5,96346.2,-51117.5,
1759265568924195,16467.5,86030,7218.75,
1759265568934155,-2677.5,124486,36251.2,
1759265568944149,64767.5,160344,8531.25,
1759265568954064,46462.5,145486,-10193.8,
1759265568964058,28787.5,168639,-35752.5,
1759265568974223,-27273.8,166268,-29872.5,
1759265568984121,-76448.8,161945,36085,
1759265568994137,-40241.2,139878,142739,
1759265569004041,14787.5,66622.5,133718,
1759265569013844,35682.5,74891.2,89888.8,
1759265569024215,-48895,128205,45342.5,
1759265569034106,23913.8,14288.8,-39891.2,
1759265569044164,63087.5,-17158.8,-12993.8,
1759265569054164,22391.2,-47407.5,20571.2,
1759265569064059,51406.2,-19512.5,10141.2,
1759265569074122,115202,-45631.2,-20090,
1759265569084033,96547.5,-126271,2808.75,
1759265569094113,41798.8,-186778,-15785,
1759265569104067,71496.2,-108159,-19013.8,
1759265569114109,100205,-93213.8,-40075,
1759265569124108,93345,-177966,-43802.5,
1759265569134104,48860,-190584,-60051.2,
1759265569144102,46173.8,-137594,-45465,
1759265569154099,18567.5,-109576,17307.5,
1759265569164136,-45106.2,-52771.2,41072.5,
1759265569174379,-33783.8,-62693.8,52062.5,
1759265569184092,-87307.5,-55895,44065,
1759265569194091,-119315,-3421.25,22312.5,
1759265569204066,-123996,38412.5,-4550,
1759265569214125,-117880,72948.8,-18952.5,
1759265569224211,-159285,87500,-23940,
1759265569234119,-141785,114844,15916.2,
1759265569244187,-171736,116594,91525,
1759265569254454,-158918,70586.2,122421,
1759265569264114,-100642,79388.8,47363.8,
1759265569274183,-72966.2,80727.5,-20562.5,
1759265569284108,-105840,78758.8,-16275,
1759265569294106,-105000,56463.8,-30695,
1759265569304191,57006.2,-16511.2,-80876.2,
1759265569314101,135056,-95803.8,-124828,
1759265569324191,104842,-82136.2,-86730,
1759265569334096,67847.5,-60060,-59762.5,
1759265569344093,46270,-66263.8,-28761.2,
1759265569354091,78058.8,-95821.2,-7533.75,
1759265569364091,97973.8,-121249,42577.5,
1759265569374127,109410,-92750,57776.2,
1759265569384084,129202,-49778.8,25200,
1759265569394149,94928.8,-29190,-866.25,
1759265569404081,58791.2,-47188.8,10088.8,
1759265569414077,71505,-47276.2,40136.2,
1759265569424131,88138.8,-44082.5,45640,
1759265569434073,85977.5,-21691.2,63323.8,
1759265569444156,67847.5,-5705,33215,
1759265569454154,53768.8,34693.8,14271.2,
1759265569464066,51030,45237.5,-18541.2,
1759265569474160,53690,55457.5,-48046.2,
1759265569484061,39331.2,54713.8,-58870,
1759265569494145,22487.5,47171.2,-44170,
1759265569504194,-5477.5,120750,-19346.2,
1759265569514054,-14000,119026,-26696.2,
1759265569524342,-33617.5,101439,-15041.2,
1759265569534135,-65590,119612,-19766.2,
1759265569544133,-65975,165646,-30563.8,
1759265569554045,-70612.5,193550,-52570,
1759265569564169,-101098,183986,-23178.8,
1759265569574343,-136509,157115,34265,
1759265569584163,-117626,135984,70227.5,
1759265569594079,-112910,146921,66237.5,
1759265569604119,-131425,105472,36181.2,
1759265569614156,-91376.2,49822.5,-17438.8,
1759265569624531,-86038.8,114214,-114406,
1759265569634112,12477.5,3902.5,-78522.5,
1759265569644216,-33643.8,-72835,-38570,
1759265569653959,-71793.8,-37581.2,-19197.5,
1759265569664144,-97247.5,-39313.8,-5477.5,
1759265569674117,-44152.5,-140280,-77962.5,
1759265569684100,7402.5,-104318,-63875,
1759265569694098,15907.5,-93528.8,-62326.2,
1759265569704204,-9213.75,-137699,-19661.2,
1759265569714134,-17062.5,-144218,-55002.5,
1759265569724226,-10298.8,-104300,-7262.5,
1759265569734127,-18935,-139772,63577.5,
1759265569744086,-5670,-143605,86765,
1759265569754084,23922.5,-110626,73806.2,
1759265569764081,37791.2,-72476.2,47976.2,
1759265569774190,45491.2,-73797.5,32873.8,
1759265569784116,63577.5,-20457.5,-2625,
1759265569794181,52115,-23003.8,-10088.8,
1759265569804111,60480,-32445,-24543.8,
1759265569814121,75241.2,54355,-72668.8,
1759265569824081,94281.2,53943.8,-55098.8,
1759265569834064,94806.2,60830,24202.5,
1759265569844269,122098,53593.8,91717.5,
1759265569854101,74077.5,71566.2,126534,
1759265569864165,46488.8,109550,72205,
1759265569874215,32025,120864,34273.8,
1759265569884091,60270,124390,-14507.5,
1759265569894157,75985,114389,11392.5,
1759265569904155,69711.2,111974,-3850,
1759265569914153,43881.2,120732,-3981.25,
1759265569925080,21323.8,120278,-19538.8,
1759265569934258,32760,119604,-61713.8,
1759265569944446,34063.8,128896,-54766.2,
1759265569954442,9992.5,102069,-55195,
1759265569964552,-28831.2,103215,-31132.5,
1759265569974498,-69685,57960,-33801.2,
1759265569984407,-54372.5,40810,-3981.25,
1759265569998638,-49533.8,49385,-175,
1759265570004649,-47066.2,56481.2,3692.5,
1759265570014179,-82013.8,24727.5,9502.5,
1759265570024719,-118615,16940,-28472.5,
1759265570034221,-109428,32812.5,-18156.2,
1759265570044212,-71645,-8767.5,-8225,
1759265570054219,-56673.8,-20536.2,-10508.8,
1759265570064169,-85627.5,-12993.8,-51651.2,
1759265570074388,-92277.5,-33013.8,-88410,
1759265570084256,-80237.5,-46506.2,-88278.8,
1759265570094210,-48685,-58310,-54013.8,
1759265570104251,-42516.2,-78653.8,-20440,
1759265570114249,-49717.5,-91376.2,-8583.75,
1759265570124380,-45062.5,-96425,-13921.2,
1759265570134197,-38587.5,-117145,-13842.5,
1759265570144242,-11016.2,-130690,-15058.8,
1759265570154187,7148.75,-124591,-21787.5,
1759265570164144,35078.8,-116769,-26670,
1759265570174617,37555,-108482,-51117.5,
1759265570184304,40250,-109734,-67488.8,
1759265570194302,37721.2,-114371,-70498.8,
1759265570204354,59500,-129334,-40722.5,
1759265570214351,77315,-118781,-1881.25,
1759265570224251,95602.5,-107958,21157.5,
1759265570234292,100328,-86502.5,23581.2,
1759265570244361,91708.8,-59211.2,5512.5,
1759265570254291,73753.8,-41116.2,-9353.75,
1759265570264285,66001.2,-40372.5,-16143.8,
1759265570274514,84997.5,-72467.5,-6011.25,
1759265570284373,75810,-52465,8653.75,
1759265570294683,67383.8,-66132.5,13317.5,
1759265570304369,96495,2642.5,12565,
1759265570314437,110976,-2406.25,9135,
1759265570324377,67611.2,-8163.75,38526.2,
1759265570334322,50968.8,16528.8,22443.8,
1759265570344320,81952.5,-11217.5,37047.5,
1759265570354264,83002.5,28175,236.25,
1759265570364316,66351.2,30467.5,-30117.5,
1759265570374544,37817.5,10106.2,-35376.2,
1759265570384350,5145,33328.8,4733.75,
1759265570394343,-7437.5,16161.2,87683.8,
1759265570404306,9975,35761.2,78286.2,
1759265570414291,-1312.5,14770,12285,
1759265570424434,-6562.5,39515,-82810,
1759265570434449,-210,8758.75,-120488,
1759265570444336,-14096.2,-8356.25,-38360,
1759265570454333,-2651.25,-32427.5,19005,
1759265570464336,-46427.5,-25672.5,69291.2,
1759265570474668,-21420,-16633.8,-4095,
1759265570484621,-47503.8,-33241.2,-39943.8,
1759265570494390,-8811.25,-54057.5,-62431.2,
1759265570504322,-34221.2,-49577.5,-22715,
1759265570514319,-9738.75,-79038.8,47731.2,
1759265570524531,-18112.5,-73202.5,34475,
1759265570534313,-2432.5,-89320,7647.5,
1759265570544382,-13011.2,-51555,-69203.8,
1759265570554381,2327.5,-53313.8,-59753.8,
1759265570564333,2021.25,-39663.8,-10412.5,
1759265570574534,7621.25,-52001.2,40328.8,
1759265570584303,-20868.8,-37266.2,49831.2,
1759265570594412,-23003.8,-25602.5,2896.25,
1759265570604425,-20895,-12145,-6632.5,
1759265570614321,-2275,-4672.5,1041.25,
1759265570624447,-17316.2,-3185,69755,
1759265570634402,-27256.2,20063.8,91070,
1759265570644378,-53410,33556.2,79336.2,
1759265570654476,-52508.8,36163.8,20291.2,
1759265570664309,-40941.2,46733.8,-50618.8,
1759265570674496,-39970,42918.8,-41912.5,
1759265570684351,-39681.2,49490,-9301.25,
1759265570694348,-59377.5,37581.2,56691.2,
1759265570704361,-85093.8,44940,56341.2,
1759265570714387,-90755,51957.5,22776.2,
1759265570724445,-86563.8,49227.5,-5705,
1759265570734339,-72380,41300,-183.75,
1759265570744431,-70201.2,27720,41518.8,
1759265570754162,-86248.8,33451.2,52325,
1759265570764157,-108806,26145,43811.2,
1759265570774332,-104116,18261.2,-7297.5,
1759265570784153,-47013.8,8277.5,-15330,
1759265570794325,-30721.2,10552.5,8050,
1759265570804322,-50286.2,25252.5,35070,
1759265570814320,-81987.5,22977.5,58135,
1759265570824462,-48650,18576.2,73762.5,
1759265570834287,-25025,7437.5,80718.8,
1759265570844495,-18287.5,26075,53690,
1759265570854495,-28665,48518.8,7393.75,
1759265570864362,-9187.5,49813.8,-2380,
1759265570874453,16782.5,41282.5,43015,
1759265570884625,32690,22986.2,121266,
1759265570894394,55221.2,31115,168219,
1759265570904424,8566.25,22216.2,161735,
1759265570914351,26932.5,33101.2,113199,
1759265570924380,26722.5,25410,107415,
1759265570934292,81278.8,46322.5,67200,
1759265570944244,103276,76090,4392.5,
1759265570954381,88182.5,63910,-37843.8,
1759265570964339,95383.8,69370,-4410,
1759265570974397,47180,50198.8,67567.5,
1759265570984334,63752.5,22085,105402,
1759265570994334,54652.5,39121.2,83413.8,
1759265571004368,76641.2,24368.8,72922.5,
1759265571014327,86441.2,55833.8,40398.8,
1759265571024327,82372.5,7901.25,36662.5,
1759265571034392,112026,39716.2,9073.75,
1759265571044359,114669,48081.2,-4821.25,
1759265571054318,108246,52920,62405,
1759265571064353,27387.5,14341.2,106496,
1759265571074463,27921.2,11628.8,142214,
1759265571084351,38815,37126.2,67768.8,
1759265571094349,38745,40066.2,63770,
1759265571104345,39917.5,31482.5,6300,
1759265571114304,22408.8,24456.2,45780,
1759265571124421,-10263.8,23231.2,13352.5,
1759265571134450,23668.8,27212.5,-16730,
1759265571144335,74602.5,39725,28490,
1759265571154364,-48588.8,253.75,59246.2,
1759265571164289,-69991.2,-5013.75,141995,
1759265571174357,-150990,5040,113452,
1759265571184451,-57242.5,-48466.2,54311.2,
1759265571194324,-68066.2,-673.75,-37625,
1759265571204321,4095,-22032.5,-130016,
1759265571214319,-62947.5,34562.5,-52246.2,
1759265571224398,-77043.8,-44082.5,27072.5,
1759265571234314,-53620,-28113.8,132562,
1759265571244423,-64610,-48098.8,68941.2,
1759265571254311,-21752.5,-9843.75,-9065,
1759265571264309,-3298.75,8461.25,-99767.5,
1759265571274427,17220,-22373.8,-39690,
1759265571284380,31333.8,69212.5,34457.5,
1759265571294300,-19215,36461.2,111011,
1759265571304298,26512.5,-1330,118440,
1759265571314321,23607.5,-29058.8,88541.2,
1759265571324474,64505,21866.2,80648.8,
1759265571334291,56472.5,61801.2,23187.5,
1759265571344314,84726.2,17797.5,38657.5,
1759265571354376,59185,-5801.25,37511.2,
1759265571364309,48553.8,-5136.25,109944,
1759265571374437,75381.2,15828.8,57023.8,
1759265571384492,46558.8,15085,55396.2,
1759265571394402,75075,-4436.25,-28673.8,
1759265571404366,65598.8,17045,-76203.8,
1759265571414539,71933.8,21603.8,-76300,
1759265571424505,25453.8,13667.5,-94858.8,
1759265571434294,20938.8,-6720,-3167.5,
1759265571444410,27597.5,6116.25,-13457.5,
1759265571454335,37170,3062.5,31832.5,
1759265571464433,9301.25,-15907.5,-27641.2,
1759265571474692,2327.5,-10193.8,-33617.5,
1759265571484256,4681.25,-26915,-14848.8,
1759265571494379,638.75,-17893.8,20553.8,
1759265571504394,-25856.2,-42192.5,59482.5,
1759265571514339,-40652.5,-30948.8,13702.5,
1759265571524423,-37940,-26530,9502.5,
1759265571534130,-26801.2,-32313.8,-21883.8,
1759265571544414,-19136.2,-27440,-36723.8,
1759265571554584,-29793.8,-20658.8,-60532.5,
1759265571564348,-34440,-25060,-67436.2,
1759265571574389,-38062.5,-21945,-52972.5,
1759265571584436,-38981.2,-21437.5,-51371.2,
1759265571594402,-54976.2,-23590,-34763.8,
1759265571604355,-53121.2,-15662.5,-51563.8,
1759265571614342,-55728.8,-11611.2,-44852.5,
1759265571624432,-61258.8,-6693.75,-32777.5,
1759265571634394,-63280,-4173.75,-32935,
1759265571644344,-77253.8,-6632.5,-17806.2,
1759265571654341,-72283.8,-3780,-28831.2,
1759265571664339,-55772.5,-1645,-17727.5,
1759265571674389,-34728.8,11961.2,-22032.5,
1759265571684381,-29120,11541.2,-40845,
1759265571694399,-43881.2,-4340,-63481.2,
1759265571704060,-33853.8,-13641.2,-74095,
1759265571714374,-19740,-6002.5,-59893.8,
1759265571724362,-9861.25,5215,-59106.2,
1759265571734369,-23808.8,7332.5,-49271.2,
1759265571744323,-16817.5,6912.5,-35980,
1759265571754316,-20930,5503.75,-12022.5,
1759265571764316,-19713.8,-1163.75,7218.75,
1759265571774413,-24745,-10185,131.25,
1759265571784357,-21542.5,-19512.5,-5547.5,
1759265571794355,-9441.25,-12293.8,-23117.5,
1759265571804352,-13466.2,-7953.75,-24517.5,
1759265571814350,-23240,-10552.5,-29732.5,
1759265571824422,-30563.8,-22268.8,-16712.5,
1759265571834755,-28192.5,-29977.5,-542.5,
1759265571844343,-25637.5,-22627.5,-11532.5,
1759265571854340,-34483.8,-22163.8,-24727.5,
1759265571864289,-35901.2,-13720,-39436.2,
1759265571874337,-31438.8,-10570,-23528.8,
1759265571884333,-43951.2,-9931.25,-708.75,
1759265571894331,-56988.8,-15085,15907.5,
1759265571904332,-72502.5,-20002.5,22251.2,
1759265571914327,-56997.5,-22382.5,11952.5,
1759265571924331,-38718.8,-20580,-4016.25,
1759265571934347,-32261.2,-12258.8,-28376.2,
1759265571944358,-52535,-5836.25,-41457.5,
1759265571954356,-58695,-6658.75,-41116.2,
1759265571964315,-60795,-12328.8,-30065,
1759265571974569,-60383.8,-16047.5,-29802.5,
1759265571984311,-60602.5,-21910,-31876.2,
1759265571994346,-64863.8,-22540,-11445,
1759265572004431,-72353.8,-17526.2,7997.5,
1759265572014303,-78846.2,-23677.5,29478.8,
1759265572024694,-63621.2,-25138.8,23310,
1759265572034298,-40941.2,-24395,-6282.5,
1759265572044296,-31342.5,-20431.2,-55518.8,
1759265572054293,-25200,-27833.8,-91577.5,
1759265572064425,-17701.2,-44397.5,-78303.8,
1759265572074351,-7140,-45587.5,-44423.8,
1759265572084450,-7323.75,-44616.2,-2616.25,
1759265572094347,-7385,-43811.2,10342.5,
1759265572104444,1951.25,-43793.8,2528.75,
1759265572114357,11182.5,-36601.2,-796.25,
1759265572124386,21857.5,-29531.2,1522.5,
1759265572134339,21883.8,-30668.8,17360,
1759265572144400,22426.2,-32480,9493.75,
1759265572154368,28052.5,-28148.8,-7236.25,
1759265572164393,46305,-23047.5,-27860,
1759265572174426,48781.2,-16651.2,-33425,
1759265572184267,46331.2,-8557.5,-14218.8,
1759265572194386,37896.2,157.5,8400,
1759265572204335,37555,-1426.25,23695,
1759265572214360,45806.2,-1697.5,-971.25,
1759265572224456,49612.5,-1531.25,-35971.2,
1759265572234377,49175,9572.5,-63700,
1759265572244375,40407.5,17307.5,-54311.2,
1759265572254363,28551.2,15260,-12153.8,
1759265572264409,24911.2,5311.25,15575,
1759265572274349,21892.5,-288.75,26888.8,
1759265572284365,20186.2,7105,1382.5,
1759265572294341,19013.8,13387.5,-21175,
1759265572304363,23012.5,6790,-31718.8,
1759265572314397,29023.8,-1452.5,-27475,
1759265572324421,29890,-2012.5,-23458.8,
1759265572334381,31132.5,-2756.25,-32322.5,
1759265572344390,33363.8,-2161.25,-37345,
1759265572354327,34291.2,4716.25,-42367.5,
1759265572364300,31141.2,9721.25,-27868.8,
1759265572374364,32313.8,-498.75,-15260,
1759265572384342,31561.2,-8557.5,-3141.25,
1759265572394469,29566.2,-3158.75,-6037.5,
1759265572404337,32103.8,2467.5,-16301.2,
1759265572414335,43260,-5416.25,-16887.5,
1759265572424389,49945,-1303.75,-21201.2,
1759265572434330,46602.5,16073.8,-11908.8,
1759265572444365,46392.5,21253.8,14840,
1759265572454363,63262.5,19451.2,9441.25,
1759265572464323,72922.5,32436.2,-26503.8,
1759265572474319,51012.5,29137.5,-64461.2,
1759265572484318,46445,27037.5,-64373.8,
1759265572494354,53305,19153.8,-20545,
1759265572504352,45071.2,28385,36251.2,
1759265572514349,22557.5,39961.2,33582.5,
1759265572524347,6728.75,34291.2,-1837.5,
1759265572534593,10823.8,33258.8,-41833.8,
1759265572544538,8207.5,38613.8,-55466.2,
1759265572554339,1155,33083.8,-30931.2,
1759265572564337,-12923.8,12915,5092.5,
1759265572574336,-21735,3307.5,24911.2,
1759265572584333,-20125,10395,6877.5,
1759265572594526,5687.5,13781.2,-31648.8,
1759265572604327,14883.8,1041.25,-74908.8,
1759265572614325,-9773.75,525,-67007.5,
1759265572624323,-23940,-3421.25,-11462.5,
1759265572634307,-30091.2,-6431.25,64356.2,
1759265572644406,-51992.5,-28096.2,61267.5,
1759265572654317,-36373.8,-23100,-24850,
1759265572664315,-19241.2,2931.25,-85540,
1759265572674779,1601.25,15303.8,-71435,
1759265572684396,-14752.5,-8557.5,6632.5,
1759265572694381,-51476.2,-42096.2,63227.5,
1759265572704297,-54127.5,-28175,72563.8,
1759265572714303,-19285,-10491.2,4095,
1759265572724340,19433.8,4191.25,-64872.5,
1759265572734424,17377.5,7708.75,-105691,
1759265572744296,10596.2,3176.25,-70971.2,
1759265572754294,26.25,10570,87.5,
1759265572764292,5801.25,-2511.25,36925,
1759265572774289,13903.8,3333.75,22671.2,
1759265572784413,31718.8,9196.25,-30318.8,
1759265572794371,35901.2,29583.8,-39165,
1759265572804368,31360,35140,-19775,
1759265572814368,18690,28831.2,33818.8,
1759265572824125,13886.2,26608.8,41125,
1759265572834361,31290,31753.8,30301.2,
1759265572844363,57093.8,37047.5,-16467.5,
1759265572854356,56962.5,34658.8,-30651.2,
1759265572864392,38815,35883.8,-13868.8,
1759265572874352,21008.8,29942.5,33407.5,
1759265572884349,24526.2,17780,53147.5,
1759265572894386,19547.5,5145,15802.5,
1759265572904345,17123.8,6632.5,-31228.8,
1759265572914342,15102.5,15960,-52692.5,
1759265572924379,14350,10675,-8513.75,
1759265572934338,-1120,-6991.25,27317.5,
1759265572944442,-13571.2,-19223.8,41947.5,
1759265572954533,-15557.5,-15443.8,6186.25,
1759265572964370,-6335,-9747.5,-26608.8,
1759265572974328,-6291.25,-8373.75,-34098.8,
1759265572984158,4882.5,21122.5,-7008.75,
1759265572994430,7288.75,4278.75,14770,
1759265573004367,-25480,-11541.2,54302.5,
1759265573014362,-23756.2,-24981.2,6116.25,
1759265573024354,-38876.2,27693.8,-8373.75,
1759265573034354,-4112.5,-15688.8,-38263.8,
1759265573044313,-8216.25,-25873.8,-29522.5,
1759265573054348,10500,-39795,12670,
1759265573064378,-4926.25,2852.5,25313.8,
1759265573074412,6658.75,-27326.2,25410,
1759265573084344,-14166.2,-26197.5,-971.25,
1759265573094603,9660,-26503.8,-25742.5,
1759265573104297,4707.5,13387.5,595,
1759265573114402,14315,-18235,2590,
1759265573124319,-22688.8,-18593.8,23686.2,
1759265573134326,-9458.75,-31622.5,-2257.5,
1759265573144395,-15881.2,-13177.5,-1076.25,
1759265573154327,33950,-14813.8,-19888.8,
1759265573164390,10788.8,3018.75,-30878.8,
1759265573174388,28673.8,-6991.25,17.5,
1759265573184385,113.75,-2047.5,8251.25,
1759265573194383,10876.2,-13562.5,32112.5,
1759265573204313,-11935,4182.5,-6098.75,
1759265573214379,9030,-9695,-9108.75,
1759265573224376,12337.5,19897.5,-3902.5,
1759265573234517,19740,8793.75,17613.8,
1759265573244372,-2476.25,14638.8,29216.2,
1759265573254372,-12880,2485,8321.25,
1759265573264367,-10788.8,10447.5,2782.5,
1759265573274375,-682.5,19433.8,-10386.2,
1759265573284362,7927.5,-52.5,4550,
1759265573294451,-8960,5153.75,4760,
1759265573304383,-9756.25,9283.75,10648.8,
1759265573314355,-22977.5,30248.8,-7218.75,
1759265573324077,5118.75,-11156.2,-16240,
1759265573334281,-23511.2,6177.5,-20658.8,
1759265573344463,-30178.8,11375,-15750,
1759265573354371,-53060,8338.75,-350,
1759265573364437,-22820,-8898.75,12530,
1759265573374366,-25445,-2896.25,20580,
1759265573384338,-2992.5,9275,603.75,
1759265573394362,-13580,19040,-15435,
1759265573404334,-16765,12696.2,-17832.5,
1759265573414382,-20107.5,20457.5,-10745,
1759265573424329,-13151.2,16353.8,22155,
1759265573434634,-6772.5,18086.2,18068.8,
1759265573444350,-6116.25,15260,25637.5,
1759265573454322,-10946.2,13457.5,8671.25,
1759265573464370,-6676.25,20020,10613.8,
1759265573474460,-2756.25,17010,16843.8,
1759265573484409,1566.25,26775,11987.5,
1759265573494338,24631.2,15435,16187.5,
1759265573504341,15461.2,25165,7700,
1759265573514403,17298.8,24753.8,10867.5,
1759265573524356,-2668.75,3290,10587.5,
1759265573534351,10272.5,28358.8,15295,
1759265573544418,9686.25,59788.8,-2966.25,
1759265573554349,32646.2,-1627.5,8671.25,
1759265573564443,8715,-30423.8,-11733.8,
1759265573574393,34361.2,23765,-30047.5,
1759265573584315,26363.8,47871.2,-20098.8,
1759265573594340,36426.2,20282.5,-26643.8,
1759265573604337,4200,-4392.5,-4952.5,
1759265573614335,5976.25,-14350,31648.8,
1759265573624378,-18672.5,752.5,36548.8,
1759265573634330,-18488.8,15583.8,12958.8,
1759265573644367,-4873.75,3517.5,-22540,
1759265573654419,192.5,-21927.5,-26643.8,
1759265573664370,6553.75,-16633.8,-41930,
1759265573674321,-5066.25,-13746.2,-9345,
1759265573684318,-16992.5,-12363.8,13606.2,
1759265573694409,-23668.8,-14367.5,22890,
1759265573704439,-9467.5,-22618.8,13291.2,
1759265573714654,-10736.2,-8120,-47118.8,
1759265573724355,-7708.75,1601.25,-58948.8,
1759265573734307,-19110,-8006.25,-77008.8,
1759265573744347,-24500,-10412.5,-35542.5,
1759265573754302,-30388.8,-17281.2,-20440,
1759265573764371,-21262.5,-8155,-5206.25,
1759265573774298,-23283.8,-1618.75,-28988.8,
1759265573784388,-19232.5,-10753.8,-67943.8,
1759265573794396,-10220,-24605,-86205,
1759265573804337,-12538.8,-36688.8,-90195,
1759265573814332,-2677.5,-39742.5,-47407.5,
1759265573824379,-3325,-39725,-32987.5,
1759265573834376,-5258.75,-44563.8,-25095,
1759265573844320,5127.5,-48046.2,-39821.2,
1759265573854325,9003.75,-36417.5,-44747.5,
1759265573864370,15251.2,-37371.2,-20326.2,
1759265573874350,18103.8,-45613.8,5206.25,
1759265573884497,11532.5,-57268.8,25637.5,
1759265573894363,17360,-54538.8,18917.5,
1759265573904360,28568.8,-58616.2,12845,
1759265573914411,38788.8,-51852.5,8828.75,
1759265573924355,43951.2,-47171.2,16038.8,
1759265573934353,39926.2,-40801.2,34790,
1759265573944351,32943.8,-32261.2,41282.5,
1759265573954348,33696.2,-37721.2,44800,
1759265573964346,39287.5,-36435,25401.2,
1759265573974344,34693.8,-30248.8,10657.5,
1759265573984341,35542.5,-16966.2,4690,
1759265573994410,28945,-6107.5,16065,
1759265574004461,19311.2,5993.75,32777.5,
1759265574014459,8697.5,12171.2,38228.8,
1759265574024459,-630,18742.5,34230,
1759265574034371,6466.25,25130,30817.5,
1759265574044453,11681.2,12967.5,35551.2,
1759265574054325,2913.75,14840,23012.5,
1759265574064323,34317.5,65423.8,57032.5,
1759265574074391,-18891.2,63253.8,-19503.8,
1759265574084318,-21647.5,-26066.2,-30222.5,
1759265574094387,-23038.8,-58870,-16983.8,
1759265574104313,35472.5,39541.2,50242.5,
1759265574114311,47241.2,11173.8,47696.2,
1759265574124379,13965,16905,-12652.5,
1759265574134377,-62623.8,-23012.5,-21726.2,
1759265574144376,7420,-9380,-37117.5,
1759265574154301,-27422.5,-7980,46935,
1759265574164425,24193.8,10246.2,34221.2,
1759265574174297,-30756.2,-23983.8,6641.25,
1759265574184294,-36925,-45937.5,-16642.5,
1759265574194422,-18821.2,-31141.2,-46296.2,
1759265574204315,-1531.25,-26188.8,472.5,
1759265574214288,5565,-35691.2,-33915,
1759265574224356,-24123.8,-68512.5,-122.5,
1759265574234354,-16065,-49113.8,-23441.2,
1759265574244465,6527.5,-30861.2,6273.75,
1759265574254349,12092.5,-126910,-4838.75,
1759265574264440,25042.5,-63481.2,3972.5,
1759265574274399,53235,-45386.2,56078.8,
1759265574284343,-4620,-71408.8,28096.2,
1759265574294394,2187.5,-58458.8,27658.8,
1759265574304432,-28822.5,-25681.2,-8251.25,
1759265574314370,-30878.8,-47031.2,40705,
1759265574324334,-45500,-4068.75,-1015,
1759265574334432,-19005,24185,37345,
1759265574344449,-48177.5,15680,10097.5,
1759265574354326,-35953.8,14787.5,-19267.5,
1759265574364377,-45832.5,16432.5,29811.2,
1759265574374321,-19836.2,24220,44677.5,
1759265574384373,-18628.8,22855,92496.2,
1759265574394623,23878.8,21481.2,61521.2,
1759265574404344,5993.75,2835,66491.2,
1759265574414405,-51870,-51030,34396.2,
1759265574424309,-16380,-41982.5,63245,
1759265574434307,-13300,-78951.2,89958.8,
1759265574444404,-22391.2,-63673.8,70078.8,
1759265574454359,14087.5,-49376.2,66972.5,
1759265574464393,-24491.2,-43828.8,15750,
1759265574474351,-28778.8,-38762.5,9738.75,
1759265574484388,-20816.2,-8093.75,31622.5,
1759265574494573,-16957.5,-4655,53278.8,
1759265574504383,1373.75,11628.8,43688.8,
1759265574514381,-35420,44485,-4847.5,
1759265574524592,-16135,22137.5,-157.5,
1759265574534370,-24946.2,51003.8,-28665,
1759265574544445,-34781.2,39541.2,2371.25,
1759265574554514,-11628.8,16581.2,27466.2,
1759265574564369,-25068.8,109664,-6168.75,
1759265574574367,45220,-64680,-3657.5,
1759265574584365,57067.5,-22461.2,-15093.8,
1759265574594364,49297.5,-57470,-61766.2,
1759265574604360,14822.5,-94832.5,25086.2,
1759265574614358,-13098.8,-18392.5,6877.5,
1759265574624347,-5923.75,-260706,189779,
1759265574634472,-13790,-285180,167974,
1759265574644476,30012.5,-205721,63026.2,
1759265574654348,55623.8,-286685,153309,
1759265574664377,-117504,221559,171526,
1759265574674345,-202318,286685,286685,
1759265574684341,-78758.8,104948,286685,
1759265574694510,-69667.5,45990,286685,
1759265574704337,-2021.25,-107258,286685,
1759265574714334,153746,-125659,286685,
1759265574724332,33005,147928,286685,
1759265574734338,-74567.5,115001,286685,
1759265574744454,-180792,-9423.75,286685,
1759265574754325,-220675,-159119,286685,
1759265574764394,30835,157762,286685,
1759265574774486,-286685,286685,286685,
1759265574784373,-221489,123568,286685,
1759265574794821,81672.5,183461,286685,
1759265574804403,5810,-286685,286685,
1759265574814465,20623.8,-60558.8,149748,
1759265574824308,-219992,-268170,59342.5,
1759265574834431,-159775,-84875,124399,
1759265574844470,-189079,204628,286685,
1759265574854412,-286685,186882,218470,
1759265574864509,-261161,141785,286685,
1759265574874420,-224586,89477.5,286685,
1759265574884363,-45552.5,-62343.8,286685,
1759265574894487,69431.2,-174991,286685,
1759265574904362,84166.2,-131390,286685,
1759265574914478,-108098,-252998,286685,
1759265574924355,23887.5,70078.8,286685,
1759265574934394,-58117.5,20982.5,286685,
1759265574944355,-133175,93896.2,286685,
1759265574954420,14113.8,168368,286685,
1759265574964401,54661.2,-88576.2,248762,
1759265574974398,170599,54976.2,286685,
1759265574984397,-75267.5,-26521.2,286685,
1759265574994379,7962.5,110539,286685,
1759265575004391,-126280,6860,286685,
1759265575014334,-119149,192106,286685,
1759265575024425,-236346,104755,286685,
1759265575034418,-16432.5,-44108.8,251790,
1759265575044424,-29662.5,-38736.2,225680,
1759265575054421,70542.5,-136736,197409,
1759265575064408,14892.5,-141304,15163.8,
1759265575074375,-80465,-114678,68118.8,
1759265575084402,-132790,115876,31955,
1759265575094443,-1688.75,-119394,286685,
1759265575104407,14980,-222320,286685,
1759265575114406,-272702,286685,-93791.2,
1759265575124363,50557.5,-246041,-166442,
1759265575134400,-68801.2,160694,-286685,
1759265575144518,84988.8,-116462,-162776,
1759265575154395,20632.5,67873.8,163459,
1759265575164390,-5958.75,203166,-247599,
1759265575174420,-13886.2,76431.2,-247065,
1759265575184389,88655,37327.5,-246995,
1759265575194525,149975,-155269,-104361,
1759265575204383,14000,18480,49822.5,
1759265575214431,-65581.2,5346.25,-91192.5,
1759265575224476,39383.8,-106076,154508,
1759265575234375,-47950,-141908,178526,
1759265575244586,9126.25,244851,-61582.5,
1759265575254380,-34142.5,79773.8,-80045,
1759265575264492,25838.8,-12582.5,197444,
1759265575274367,-46760,-74733.8,286685,
1759265575284364,75180,183120,286685,
1759265575294641,15986.2,223134,146519,
1759265575304485,20396.2,7997.5,-286685,
1759265575314357,44555,117031,-259718,
1759265575324356,59666.2,-15417.5,-7630,
1759265575334465,-26923.8,28148.8,46760,
1759265575344558,-123218,-137734,-26740,
1759265575354348,-51047.5,-133525,-132694,
1759265575364466,49980,-29776.2,-80788.8,
1759265575374415,51677.5,-56315,-93100,
1759265575384466,27746.2,1636.25,-61092.5,
1759265575394676,29190,-21026.2,-75495,
1759265575404361,-5652.5,-41842.5,-65931.2,
1759265575414381,-218.75,-66097.5,-8417.5,
1759265575424332,38683.8,-31307.5,-6781.25,
1759265575434329,7682.5,-46348.8,-7682.5,
1759265575444506,7533.75,34282.5,12923.8,
1759265575454323,-17823.8,56533.8,25646.2,
1759265575464445,-40057.5,56691.2,-8216.25,
1759265575474317,10815,36513.8,-19171.2,
1759265575484389,-4243.75,12337.5,-79231.2,
1759265575494804,23423.8,42743.8,-74217.5,
1759265575504338,-5276.25,5328.75,3832.5,
1759265575514336,-23135,-56113.8,-18235,
1759265575524358,-42778.8,-70525,-55842.5,
1759265575534417,29925,4961.25,-69098.8,
1759265575544402,21997.5,-34912.5,-153904,
1759265575554426,59815,-11016.2,-182700,
1759265575564424,63691.2,-40241.2,-206509,
1759265575574368,31342.5,-43400,-274942,
1759265575584633,48650,-40766.2,-273464,
1759265575594827,48895,-12582.5,-285451,
1759265575604361,53305,15653.8,-204636,
1759265575614412,41737.5,-58563.8,-175962,
1759265575624357,22933.8,-22505,-59053.8,
1759265575634400,2091.25,-92365,-26328.8,
1759265575644453,-10902.5,-72126.2,-46646.2,
1759265575654389,-9896.25,-82801.2,-53200,
1759265575664448,-46042.5,-76072.5,-32593.8,
1759265575674428,-44905,-23485,-42385,
1759265575684396,-21796.2,-60707.5,-95060,
1759265575694489,-27020,-90790,-111501,
1759265575704391,-21953.8,-67803.8,-111641,
1759265575714436,-14323.8,-6160,-104020,
1759265575724388,-19626.2,-19241.2,-131635,
1759265575734381,16485,-35245,-129124,
1759265575744614,17237.5,-65546.2,-160676,
1759265575754305,37800,-68827.5,-164264,
1759265575764424,32777.5,-44572.5,-160746,
1759265575774421,14822.5,-32182.5,-206868,
1759265575784372,38806.2,-44257.5,-236801,
1759265575794431,52587.5,-76702.5,-273586,
1759265575804415,40836.2,-83195,-263025,
1759265575814412,46077.5,-111851,-274584,
1759265575824410,-8067.5,-117530,-222364,
1759265575834361,-25313.8,-82600,-173635,
1759265575844487,-34370,-64373.8,-116952,
1759265575854403,-47678.8,-73788.8,-109042,
1759265575864401,-37283.8,-87465,-94701.2,
1759265575874351,-62282.5,-80543.8,-67655,
1759265575884398,-72117.5,-41221.2,-88252.5,
1759265575894498,-82530,-90895,-48930,
1759265575904391,-45202.5,-120916,-621.25,
1759265575914492,-12722.5,-121450,52990,
1759265575924338,-12215,-120382,108360,
1759265575937819,-33705,-83606.2,124565,
1759265575947281,-49910,-54713.8,108036,
1759265575957607,-26092.5,-38447.5,101894,
1759265575967254,-34965,-49192.5,155794,
1759265575977684,-45263.8,-17605,169470,
1759265575987217,-18375,31158.8,132020,
1759265575997196,-36435,22382.5,84822.5,
1759265576007193,-32270,27168.8,60480,
1759265576017218,-14367.5,38342.5,64671.2,
1759265576027211,-22295,-18392.5,67383.8,
1759265576037300,-28437.5,-53742.5,65808.8,
1759265576047186,-19573.8,-64443.8,39208.8,
1759265576057294,9362.5,-65913.8,4287.5,
1759265576067206,31928.8,-68958.8,-46077.5,
1759265576077329,3465,-42157.5,-67628.8,
1759265576087302,-25593.8,-50723.8,-46768.8,
1759265576097354,-39576.2,-35735,-8767.5,
1759265576107197,-46138.8,-46453.8,-8732.5,
1759265576117220,-62160,-34772.5,-24202.5,
1759265576127242,-38998.8,-4733.75,-31465,
1759265576137268,-32165,10018.8,9222.5,
1759265576147273,-28446.2,23388.8,49831.2,
1759265576157232,-22120,14122.5,56035,
1759265576167280,-3325,24570,30913.8,
1759265576177378,5040,28000,-22023.8,
1759265576187199,14665,28787.5,-44590,
1759265576197322,30852.5,-10640,-43330,
1759265576207232,27632.5,-34842.5,-7087.5,
1759265576217192,29863.8,-28743.8,8890,
1759265576227317,26748.8,-24517.5,-7236.25,
1759265576237226,21463.8,-15382.5,-66106.2,
1759265576247223,24517.5,-6947.5,-109349,
1759265576257308,13273.8,12932.5,-107511,
1759265576267309,23940,19626.2,-88480,
1759265576277551,21253.8,31605,-59648.8,
1759265576287154,15828.8,53427.5,-52246.2,
1759265576297250,13168.8,71155,-29750,
1759265576307247,9100,71636.2,-20011.2,
1759265576317408,-1303.75,67033.8,7061.25,
1759265576327716,148.75,45386.2,29767.5,
1759265576337290,8400,42166.2,27746.2,
1759265576347239,13238.8,36330,11760,
1759265576357239,29890,26853.8,-27352.5,
1759265576367282,37668.8,26162.5,-57986.2,
1759265576377285,37835,30012.5,-90588.8,
1759265576387279,34510,37345,-99986.2,
1759265576397231,20938.8,61407.5,-88051.2,
1759265576407273,29820,41580,-41098.8,
1759265576417271,25506.2,48790,-25357.5,
1759265576427322,18970,76343.8,-38491.2,
1759265576437216,33766.2,65266.2,-22146.2,
1759265576447295,48168.8,46847.5,-42367.5,
1759265576457518,35446.2,45902.5,-50540,
1759265576467212,20693.8,52928.8,-46908.8,
1759265576477389,17097.5,49533.8,-23126.2,
1759265576487410,13378.8,31867.5,-23065,
1759265576497252,15697.5,26617.5,-30205,
1759265576507287,28927.5,20072.5,-37931.2,
1759265576517247,30082.5,26687.5,-71505,
1759265576527343,39191.2,27868.8,-87368.8,
1759265576537242,43347.5,37528.8,-91796.2,
1759265576547317,44266.2,43023.8,-75381.2,
1759265576557269,39243.8,32042.5,-55431.2,
1759265576567235,35463.8,28490,-39515,
1759265576577302,24990,24141.2,-15067.5,
1759265576587231,24045,16948.8,-8680,
1759265576597492,13877.5,14017.5,-52.5,
1759265576607257,9327.5,9957.5,-9196.25,
1759265576617348,9581.25,13457.5,-18025,
1759265576627280,7253.75,11926.2,-29715,
1759265576637219,6965,2563.75,-35726.2,
1759265576647254,12267.5,-12906.2,-25252.5,
1759265576657214,17815,-21507.5,-19390,
1759265576667212,18208.8,-13921.2,-857.5,
1759265576677237,17683.8,-7533.75,5171.25,
1759265576687207,4095,6790,1373.75,
1759265576697243,10386.2,1627.5,-4322.5,
1759265576707202,16633.8,-13982.5,-6597.5,
1759265576717309,14428.8,-33888.8,-10290,
1759265576727270,10482.5,-50347.5,-8216.25,
1759265576737195,4891.25,-44327.5,-11602.5,
1759265576747357,-3430,-30747.5,-8487.5,
1759265576757229,-4147.5,-28883.8,-1986.25,
1759265576767314,-8085,-20282.5,-14630,
1759265576777322,-5460,-30563.8,-57330,
1759265576787223,-8268.75,-8102.5,-106802,
1759265576797219,7568.75,-14603.8,-106934,
1759265576807256,24386.2,-31080,-82215,
1759265576817302,25803.8,-27921.2,-80316.2,
1759265576827761,21245,-33136.2,-53628.8,
1759265576837210,-2266.25,-26976.2,-23870,
1759265576847170,-30861.2,-26696.2,5486.25,
1759265576857244,-39130,-22601.2,21953.8,
1759265576867290,-44948.8,-21936.2,32270,
1759265576877409,-41553.8,-25278.8,1837.5,
1759265576887255,-40897.5,-27912.5,-70148.8,
1759265576897234,-28507.5,-32427.5,-103031,
1759265576907231,-22942.5,-24718.8,-111282,
1759265576917257,-17596.2,-2065,-80342.5,
1759265576927284,28953.8,-60908.8,-42490,
1759265576937273,34142.5,-55562.5,-23966.2,
1759265576947311,10517.5,-30765,-40293.8,
1759265576957280,20151.2,-32016.2,-38430,
1759265576967312,8181.25,-25383.8,-46698.8,
1759265576977401,1207.5,-32156.2,-32445,
1759265576987262,-23047.5,-43277.5,-19153.8,
1759265576997495,-22303.8,-59920,-27168.8,
1759265577007257,-27457.5,-41212.5,-42516.2,
1759265577017517,-24237.5,-34868.8,-78715,
1759265577027294,-5853.75,-29575,-89171.2,
1759265577037250,-4908.75,-18033.8,-99067.5,
1759265577047230,-1802.5,-7210,-106260,
1759265577057246,358.75,15190,-105962,
1759265577067322,21691.2,28218.8,-119822,
1759265577077320,29330,36522.5,-107021,
1759265577087278,38150,35988.8,-107214,
1759265577097306,26355,30073.8,-87797.5,
1759265577107271,30948.8,19223.8,-65143.8,
1759265577117357,8942.5,23021.2,-41615,
1759265577127302,-14017.5,15522.5,-19827.5,
1759265577137226,-31228.8,27221.2,-27877.5,
1759265577147457,-31412.5,28122.5,-54048.8,
1759265577157415,-33643.8,33206.2,-100179,
1759265577167259,-27553.8,20308.8,-110775,
1759265577177622,-27632.5,4077.5,-101448,
1759265577187474,-11217.5,4698.75,-97028.8,
1759265577197252,-2861.25,1557.5,-83282.5,
1759265577207250,6737.5,5031.25,-75118.8,
1759265577217336,2441.25,11480,-68556.2,
1759265577227294,2371.25,4698.75,-70341.2,
1759265577237243,708.75,12206.2,-65642.5,
1759265577247201,7043.75,18042.5,-56297.5,
1759265577257238,-6772.5,35411.2,-54477.5,
1759265577267300,-19372.5,35306.2,-53226.2,
1759265577277244,-25051.2,22207.5,-58940,
1759265577287231,-22251.2,23905,-83580,
1759265577297316,-5083.75,22470,-98393.8,
1759265577307226,6798.75,34440,-99277.5,
1759265577317310,16476.2,25445,-95690,
1759265577327246,27658.8,27991.2,-74392.5,
1759265577337218,18655,32243.8,-44808.8,
1759265577347217,16940,47005,-20396.2,
1759265577357220,3333.75,52963.8,-20903.8,
1759265577367337,-6790,30423.8,-36058.8,
1759265577377343,-18838.8,40013.8,-43470,
1759265577387331,-22785,33311.2,-59990,
1759265577397216,-22522.5,39252.5,-63078.8,
1759265577407288,-5258.75,6527.5,-94132.5,
1759265577417230,1776.25,-18795,-92426.2,
1759265577427349,20203.8,-11270,-81515,
1759265577437597,12215,-3045,-50286.2,
1759265577447193,12188.8,3990,-23625,
1759265577457308,14061.2,-910,-37248.8,
1759265577467226,13518.8,945,-43793.8,
1759265577477271,15487.5,-17.5,-62405,
1759265577487182,787.5,22513.8,-56288.8,
1759265577497267,875,20711.2,-31228.8,
1759265577507265,-28201.2,28936.2,31211.2,
1759265577517369,-54783.8,49796.2,60165,
1759265577527260,-68985,57793.8,60313.8,
1759265577537258,-58476.2,61407.5,70078.8,
1759265577547255,-44940,64487.5,51677.5,
1759265577557253,-43198.8,61985,29863.8,
1759265577567251,-30983.8,55562.5,-15522.5,
1759265577577469,-25663.8,40092.5,-39690,
1759265577587247,-2441.25,12775,-61880,
1759265577597282,7437.5,2870,-80701.2,
1759265577607241,12495,-2038.75,-81042.5,
1759265577617239,14245,3753.75,-73946.2,
1759265577627279,25287.5,-5731.25,-35638.8,
1759265577637234,26932.5,-27973.8,-20291.2,
1759265577647270,24465,-48238.8,9021.25,
1759265577657230,-16397.5,-6702.5,33425,
1759265577667227,-51721.2,28052.5,74611.2,
1759265577677332,-64986.2,60952.5,118711,
1759265577687358,-64207.5,75232.5,100205,
1759265577697327,-57907.5,86642.5,71426.2,
1759265577707325,-44651.2,96871.2,36942.5,
1759265577717322,-39182.5,129456,21735,
1759265577727253,-22916.2,151778,-28087.5,
1759265577737319,-157.5,118029,-71487.5,
1759265577747317,21288.8,93642.5,-107555,
1759265577757313,37817.5,66762.5,-155750,
1759265577767311,38902.5,53243.8,-151734,
1759265577777240,40845,57592.5,-159425,
1759265577787306,37730,30511.2,-120584,
1759265577797304,44537.5,-12425,-83527.5,
1759265577807232,37870,-50295,-27676.2,
1759265577817299,32541.2,-77568.8,53112.5,
1759265577827296,16038.8,-103478,118545,
1759265577837294,6781.25,-107118,163730,
1759265577847223,5162.5,-132142,142546,
1759265577857317,5565,-138162,129395,
1759265577867288,19783.8,-124390,94552.5,
